{"cameraMode":{"drawMode":0,"name":"Shaded","section":"Shading Mode"},"sceneLighting":false,"audioPlay":false,"sceneViewState":{"showFog":true,"showMaterialUpdate":true,"showSkybox":false,"showFlares":true,"showImageEffects":true,"showParticleSystems":true},"in2DMode":false,"pivot":{"x":59.58575439453125,"y":-29.8822078704834,"z":-16.254043579101564},"rotation":{"x":-0.07753968238830567,"y":-0.9163985252380371,"z":0.3271578848361969,"w":-0.21723322570323945},"size":103.5744400024414,"orthographic":false}