{"cameraMode":{"drawMode":0,"name":"Shaded","section":"Shading Mode"},"sceneLighting":true,"audioPlay":false,"sceneViewState":{"showFog":false,"showMaterialUpdate":false,"showSkybox":false,"showFlares":false,"showImageEffects":false,"showParticleSystems":false},"in2DMode":false,"pivot":{"x":37.01679992675781,"y":-13.700002670288086,"z":-6.733404636383057},"rotation":{"x":0.09040558338165283,"y":0.8483147621154785,"z":-0.15383999049663545,"w":0.49852031469345095},"size":32.203800201416019,"orthographic":false}