{"cameraMode":{"drawMode":0,"name":"Shaded","section":"Shading Mode"},"sceneLighting":false,"audioPlay":false,"sceneViewState":{"showFog":true,"showMaterialUpdate":true,"showSkybox":false,"showFlares":true,"showImageEffects":true,"showParticleSystems":true},"in2DMode":false,"pivot":{"x":0.0,"y":0.4054363965988159,"z":0.00043594837188720703},"rotation":{"x":-0.3200591206550598,"y":-0.6090309023857117,"z":0.2937517762184143,"w":-0.6636069416999817},"size":0.7883161306381226,"orthographic":false}