{"cameraMode":{"drawMode":0,"name":"Shaded","section":"Shading Mode"},"sceneLighting":false,"audioPlay":false,"sceneViewState":{"showFog":true,"showMaterialUpdate":true,"showSkybox":false,"showFlares":true,"showImageEffects":true,"showParticleSystems":true},"in2DMode":false,"pivot":{"x":0.15000346302986146,"y":0.949999988079071,"z":5.440000057220459},"rotation":{"x":-0.06004102900624275,"y":-0.476603627204895,"z":0.03265170380473137,"w":-0.8764718174934387},"size":2.151958465576172,"orthographic":false}