{"cameraMode":{"drawMode":0,"name":"Shaded","section":"Shading Mode"},"sceneLighting":false,"audioPlay":false,"sceneViewState":{"showFog":true,"showMaterialUpdate":true,"showSkybox":false,"showFlares":true,"showImageEffects":true,"showParticleSystems":true},"in2DMode":false,"pivot":{"x":0.0000034570693969726564,"y":0.4100000262260437,"z":-6.25},"rotation":{"x":0.06912001967430115,"y":-0.39399847388267519,"z":0.029719466343522073,"w":0.9160352349281311},"size":0.6519585847854614,"orthographic":false}