{"cameraMode":{"drawMode":0,"name":"Shaded","section":"Shading Mode"},"sceneLighting":true,"audioPlay":false,"sceneViewState":{"showFog":true,"showMaterialUpdate":true,"showSkybox":false,"showFlares":true,"showImageEffects":true,"showParticleSystems":true},"in2DMode":false,"pivot":{"x":-62.13376235961914,"y":-13.242696762084961,"z":46.0010871887207},"rotation":{"x":-0.13303245604038239,"y":0.0332842655479908,"z":-0.004474014043807983,"w":-0.9905567169189453},"size":39.39404296875,"orthographic":false}