{"cameraMode":{"drawMode":0,"name":"Shaded","section":"Shading Mode"},"sceneLighting":false,"audioPlay":false,"sceneViewState":{"showFog":true,"showMaterialUpdate":true,"showSkybox":false,"showFlares":true,"showImageEffects":true,"showParticleSystems":true},"in2DMode":false,"pivot":{"x":69.47259521484375,"y":-27.117887496948243,"z":-62.51288604736328},"rotation":{"x":-0.08262211084365845,"y":-0.9173741936683655,"z":0.27415719628334048,"w":-0.27650973200798037},"size":37.46572494506836,"orthographic":false}