{"cameraMode":{"drawMode":0,"name":"Shaded","section":"Shading Mode"},"sceneLighting":false,"audioPlay":false,"sceneViewState":{"showFog":true,"showMaterialUpdate":true,"showSkybox":false,"showFlares":true,"showImageEffects":true,"showParticleSystems":true},"in2DMode":false,"pivot":{"x":0.0017404556274414063,"y":1.3559026718139649,"z":-0.01604790985584259},"rotation":{"x":0.12604805827140809,"y":-0.8662602305412293,"z":0.39813223481178286,"w":0.27424487471580508},"size":0.7364176511764526,"orthographic":false}