{"cameraMode":{"drawMode":0,"name":"Shaded","section":"Shading Mode"},"sceneLighting":true,"audioPlay":false,"sceneViewState":{"showFog":true,"showMaterialUpdate":true,"showSkybox":false,"showFlares":true,"showImageEffects":true,"showParticleSystems":true},"in2DMode":false,"pivot":{"x":0.7400000095367432,"y":2.5299999713897707,"z":8.4399995803833},"rotation":{"x":-0.12718906998634339,"y":-0.18780666589736939,"z":0.024536937475204469,"w":-0.9736400842666626},"size":10.0,"orthographic":false}